,,,,,,,,,,,,,,,,,,,,,,,,,,
Theme: Households,,,,,,,,,,,,,,,,,,,,,,,,,,
Subject: Household Income,,,,,,,,,,,,,,,,,,,,,,,,,,
Topic: Household Characteristics,,,,,,,,,,,,,,,,,,,,,,,,,,
"Table Title: Resident Households by Monthly Household Employment Income (Including Employer CPF Contributions), 2000 - 2024 (Household Employment Income, Annual)",,,,,,,,,,,,,,,,,,,,,,,,,,
,,,,,,,,,,,,,,,,,,,,,,,,,,
Data last updated: 13/02/2025,,,,,,,,,,,,,,,,,,,,,,,,,,
Source: SINGAPORE DEPARTMENT OF STATISTICS,,,,,,,,,,,,,,,,,,,,,,,,,,
,,,,,,,,,,,,,,,,,,,,,,,,,,
,,,,,,,,,,,,,,,,,,,,,,,,,Per Cent,
Monthly Household Employment Income (Including Employer CPF Contributions),2024,2023,2022,2021,2020,2019,2018,2017,2016,2015,2014,2013,2012,2011,2010,2009,2008,2007,2006,2005,2004,2003,2002,2001,2000,
Total,100,100,100,100,100,100,100,100,100,100,100,100,100,100,100,100,100,100,100,100,100,100,100,100,100,
  No Employed Person,13.7,12.8,12.5,11.8,13.3,13.2,12.1,11.8,10.8,9.7,10.4,9.4,9.2,9.3,10.5,9.6,8.6,8.6,9,10,9.8,9.7,9,6.9,8.6,
    Solely Non-Employed Persons Aged 65 Years & Over,8.8,8,7.6,7.1,7.5,7.9,7.1,6.9,6.1,5.3,5.7,4.9,4.7,4.5,4.1,4,3.8,4.1,4.1,3.5,3.7,3.6,3,2.3,2.6,
"  Below $1,000",1.2,1.4,1.3,2,2,1.8,1.9,1.9,2,2,2.3,2.7,3,3.2,3.5,4.1,3.8,4.3,4.4,4.3,4.3,4.6,4,3.9,3.3,
"  $1,000 - $1,999",4.2,4.3,4.4,5,5.1,5.1,5.3,5.4,5.5,5.7,5.9,6.2,6.2,6.5,7,7.8,8.3,9.8,10.5,10.9,11.4,11.1,11.5,11.1,12.2,
"  $2,000 - $2,999",3.9,3.8,4.4,4.8,5.1,4.9,5.2,5.1,5.4,5.8,5.8,6.3,6.3,7.1,8.2,8.6,8.6,10,11.2,11.4,12.2,11.9,12.5,12.7,13.2,
"  $3,000 - $3,999",4.6,4.7,5.2,5.7,5.4,5.2,5.2,5.5,5.3,5.5,6,6.7,6.6,7.6,8.3,8.9,8.5,9.7,10.8,10.7,11.4,11.7,11.6,11.5,12.6,
"  $4,000 - $4,999",3.8,4.4,5,5,5.2,5.4,5.3,5.2,5.4,5.9,5.9,6.3,7,7.2,7.9,8.1,8.4,8.8,8.9,9.1,9.6,9.4,9.5,9.8,10.2,
"  $5,000 - $5,999",4.3,4.4,5,5.1,5.4,4.9,5.4,5.4,5.9,5.7,6.1,6.4,6.8,7,7.4,7.5,7.3,7.7,8.1,7.9,7.9,7.9,8.1,8.3,8.3,
"  $6,000 - $6,999",4.1,4.3,4.6,4.8,5,4.9,5.2,5.2,5.8,5.8,5.8,5.8,6.1,6.5,6.7,6.9,6.4,6.8,6.9,6.4,6.3,6.9,6.4,6.7,6.7,
"  $7,000 - $7,999",3.9,4.3,4.6,4.7,4.8,4.6,4.6,5.2,5.1,5.3,5.4,5.6,5.8,6,5.7,5.7,5.9,5.7,5.3,5.4,5.3,4.9,5.1,5.3,5.1,
"  $8,000 - $8,999",4,4.3,4.6,4.7,4.6,4.6,4.7,5,4.9,5.3,5.1,5.1,5.4,5.4,5.1,4.7,5.1,4.7,4.4,4.5,4.1,4,4.3,4.3,4,
"  $9,000 - $9,999",4.1,4.2,4,4.4,4.4,4.1,4.4,4.6,4.6,4.8,4.7,4.6,4.7,4.7,4.2,4.1,4.1,3.8,3.5,3.4,3.3,3.4,3.3,3.5,3.1,
"  $10,000 - $10,999",4,4.1,4.1,4.1,4,4.2,4.3,4.3,4.6,4.3,4.7,4.4,4.1,4.1,3.8,3.7,3.8,3.3,2.9,2.8,2.7,2.7,2.8,2.9,2.4,
"  $11,000 - $11,999",3.5,3.8,3.7,3.5,3.6,3.8,3.8,3.6,3.8,3.8,3.6,3.7,3.8,3.3,3,2.9,3.2,2.6,2.3,2.1,1.9,1.9,2.1,2.1,1.8,
"  $12,000 - $12,999",3.5,3.2,3.3,3.4,3.2,3.4,3.2,3.2,3.5,3.6,3.3,3.4,3.3,2.7,2.6,2.4,2.4,1.9,1.9,1.8,1.5,1.5,1.5,1.8,1.5,
"  $13,000 - $13,999",3.1,3,3.1,3.1,3,3,3.2,3,3,3,3,2.8,2.6,2.4,2.1,2.2,2,1.9,1.5,1.4,1.3,1.4,1.2,1.4,1.1,
"  $14,000 - $14,999",2.7,3,2.7,2.8,2.6,2.8,2.6,2.7,2.6,2.7,2.6,2.6,2.2,2.1,1.8,1.8,1.7,1.4,1.2,1.1,1,1.1,1.1,1.1,0.9,
"  $15,000 - $17,499",6.2,6.4,6.1,5.9,5.6,5.4,5.8,5.6,5.5,5.2,4.9,4.7,4.6,4.2,3.5,3.2,3.2,2.6,2,2.1,1.8,1.9,1.8,2,1.6,
"  $17,500 - $19,999",5.3,4.9,4.4,4.8,4,4.1,4.2,4.1,4,3.8,3.5,3.3,3.1,2.8,2.2,2.1,2.2,1.7,1.4,1.3,1.2,1.1,1.2,1.4,1,
"  $20,000 & Over",19.8,18.8,16.9,14.4,13.9,14.4,13.5,13.3,12.4,12.1,11,9.9,9.2,8,6.6,5.7,6.4,4.7,3.8,3.4,2.9,3,2.8,3.2,2.4,
,,,,,,,,,,,,,,,,,,,,,,,,,,
,,,,,,,,,,,,,,,,,,,,,,,,,,
Definitions and Footnotes,,,,,,,,,,,,,,,,,,,,,,,,,,
Employed Persons:,,,,,,,,,,,,,,,,,,,,,,,,,,
"Refer to persons aged fifteen years and over who, during the reference period: (i) work for one hour or more either for pay or profit; or (ii) have a job or business to return to but are temporarily absent because of illness, injury, breakdown of machinery at workplace, labour management dispute or other reasons. Members of the Singapore Armed Forces including full-time National Servicemen are included in the persons employed, unless otherwise specified.",,,,,,,,,,,,,,,,,,,,,,,,,,
Household Employment Income:,,,,,,,,,,,,,,,,,,,,,,,,,,
"Refers to the sum of income received by employed members of the household from employment and business excluding the income of live-in domestic workers. Monthly household employment income includes one-twelfth of the annual bonus. Data on household employment income refer to household employment income before accounting for Government transfers and taxes, unless stated otherwise.",,,,,,,,,,,,,,,,,,,,,,,,,,
Resident Households:,,,,,,,,,,,,,,,,,,,,,,,,,,
"Refer to households where the household reference person is a Singapore citizen or permanent resident.
A household refers to (i) a group of two or more persons living together in the same house and sharing common food or other essential arrangements for living; or (ii) a person living alone or a person living with others but having his own food or other essential arrangements for living. Although persons may be living in the same house, they may not be members of the same household.",,,,,,,,,,,,,,,,,,,,,,,,,,
,,,,,,,,,,,,,,,,,,,,,,,,,,
Notation:,,,,,,,,,,,,,,,,,,,,,,,,,,
na   not available or not applicable,,,,,,,,,,,,,,,,,,,,,,,,,,
nec  not elsewhere classified,,,,,,,,,,,,,,,,,,,,,,,,,,
nes  not elsewhere specified,,,,,,,,,,,,,,,,,,,,,,,,,,
 -     nil or negligible or not significant,,,,,,,,,,,,,,,,,,,,,,,,,,
Notes,,,,,,,,,,,,,,,,,,,,,,,,,,
Numbers may not add up to the totals due to rounding.,,,,,,,,,,,,,,,,,,,,,,,,,,
"Data are the latest available at the time of access or download. Some statistics, particularly those for the most recent time periods, are provisional and may be subject to revision at a later date.",,,,,,,,,,,,,,,,,,,,,,,,,,
Values are shown in Singapore dollars (unless otherwise specified).,,,,,,,,,,,,,,,,,,,,,,,,,,
,,,,,,,,,,,,,,,,,,,,,,,,,,
Generated by: SingStat Table Builder,,,,,,,,,,,,,,,,,,,,,,,,,,
Date generated: 31/01/2026,,,,,,,,,,,,,,,,,,,,,,,,,,
Contact: info@singstat.gov.sg,,,,,,,,,,,,,,,,,,,,,,,,,,