Table A.1,,,,,,,,,,,,,,Table A.2,,,,,,,,,,
Consumer Price Index of Key Categories,,,,,,,,,,,,,,YOY Inflation for Key CPI Categories,,,,,,,,,,
Index (2024=100),,,,,,,,,,,,,,,,,,,,,,,,
,All Items, MAS Core,CPI Less Accomodation,CPI Less Imputed Rentals for Housing,Food,Services,Retail & Other Goods,Electricity & Gas,Private Transport,Accommodation,,,,,All Items, MAS Core,CPI Less Accomodation,CPI Less Imputed Rentals for Housing,Food,Services,Retail & Other Goods,Electricity & Gas,Private Transport,Accommodation
Weights,"10,000","6,438","7,344","7,862","2,042","3,173","1,025",198,906,"2,656",,,,Weights,"10,000","6,438","7,344","7,862","2,042","3,173","1,025",198,906,"2,656"
2025 Jan,99.908,100.27,100.426,99.713,100.875,100.369,99.422,96.866,101.528,98.477,,,,2025 Jan,1.2,0.8,1,1.1,1.5,1,-0.6,-2.9,2.8,1.6
Feb,100.677,100.329,100.373,100.687,100.898,100.327,99.881,96.824,100.688,101.517,,,,Feb,0.9,0.6,0.7,0.8,1,0.8,-0.4,-3.1,1.6,1.6
Mar,100.599,100.194,100.261,100.587,100.95,100.169,99.436,96.735,100.741,101.533,,,,Mar,0.9,0.5,0.7,0.8,1.3,0.6,-0.5,-3.5,2.1,1.4
Apr,100.283,100.648,100.774,100.189,101.07,100.826,100.021,96.686,101.669,98.926,,,,Apr,0.9,0.7,0.8,0.8,1.4,1.1,-1.2,-3.5,1.3,1.1
May,100.978,100.65,100.78,101.075,100.925,100.959,99.937,96.575,101.702,101.525,,,,May,0.8,0.6,0.6,0.8,1.1,1.1,-1,-3.7,1.1,1.1
Jun,100.9,100.566,100.676,100.978,100.865,100.898,99.728,96.512,101.46,101.518,,,,Jun,0.8,0.6,0.7,0.8,1,0.7,0,-3.9,2,1
Jul,100.447,100.432,100.672,100.398,101.05,100.584,99.781,95.002,102.382,99.824,,,,Jul,0.6,0.5,0.7,0.7,1.1,0.7,-0.5,-5.6,2.1,0.5
Aug,100.963,100.49,100.732,101.055,101.137,100.663,99.747,94.938,102.449,101.602,,,,Aug,0.5,0.3,0.6,0.6,1.1,0.4,-0.2,-5.7,2.4,0.4
Sep,101.32,100.753,101.216,101.508,101.307,100.987,100.059,94.883,104.506,101.608,,,,Sep,0.7,0.4,0.8,0.8,1.1,0.3,0.3,-5.8,3.7,0.4
Oct,101.33,101.269,101.827,101.516,101.617,101.798,100.149,95.027,105.786,99.957,,,,Oct,1.2,1.2,1.5,1.5,1.2,1.8,0.4,-4,3.8,0.3
Nov,101.579,101.216,101.533,101.824,101.678,102.015,99.039,94.899,103.788,101.705,,,,Nov,1.2,1.2,1.5,1.5,1.2,1.9,0.3,-4.1,3.5,0.3
Dec,101.854,101.662,101.888,102.164,101.79,102.782,99.272,94.791,103.488,101.761,,,,Dec,1.2,1.2,1.5,1.5,1.2,1.9,0,-4.2,3.7,0.3
2026 Jan,101.333,101.316,101.678,101.498,102.042,101.833,99.913,92.79,104.246,100.38,,,,2026 Jan,1.4,1,1.2,1.8,1.2,1.5,0.5,-4.2,2.7,1.9
,,,,,,,,,,,,,,,,,,,,,,,,
,,,,,,,,,,,,,,,,,,,,,,,,
Table A.1,,,,,,,,,,,,,,Table A.2,,,,,,,,,,
Consumer Price Index of Key Categories,,,,,,,,,,,,,,YOY Inflation for Key CPI Categories,,,,,,,,,,
Index (2024=100),,,,,,,,,,,,,,,,,,,,,,,,
,All Items, MAS Core,CPI Less Accomodation,CPI Less Imputed Rentals for Housing,Food,Services,Retail & Other Goods,Electricity & Gas,Private Transport,Accommodation,,,,,All Items, MAS Core,CPI Less Accomodation,CPI Less Imputed Rentals for Housing,Food,Services,Retail & Other Goods,Electricity & Gas,Private Transport,Accommodation
Weights,"10,000","6,438","7,344","7,862","2,042","3,173","1,025",198,906,"2,656",,,,Weights,"10,000","6,438","7,344","7,862","2,042","3,173","1,025",198,906,"2,656"
2024 Jan,98.752,99.501,99.411,98.645,99.422,99.354,100.052,99.788,98.777,96.929,,,,2024 Jan,3.1,3.3,3.5,2.9,3.5,3.5,1.7,5.2,4,2.4
Feb,99.755,99.774,99.687,99.873,99.869,99.522,100.326,99.967,99.074,99.942,,,,Feb,3.6,3.6,3.5,3.5,3.9,4.1,1.2,5.2,2.7,4
Mar,99.712,99.694,99.566,99.766,99.686,99.58,99.95,100.263,98.659,100.116,,,,Mar,3,3.2,2.8,2.9,3.3,4,0.6,4.6,0.5,3.8
Apr,99.426,99.95,99.996,99.347,99.643,99.705,101.268,100.202,100.324,97.85,,,,Apr,2.6,3.1,2.5,2.4,2.9,3.5,1.6,7.5,0.2,3.7
May,100.209,100.07,100.133,100.307,99.855,99.902,100.966,100.333,100.579,100.42,,,,May,3.1,3.1,3,3.1,2.7,3.7,1.6,6.9,2.7,3.4
Jun,100.104,100.006,99.946,100.137,99.865,100.169,99.711,100.394,99.513,100.542,,,,Jun,2.5,2.9,2.3,2.4,2.7,3.5,0.4,7,-0.4,3.2
Jul,99.818,99.974,100.008,99.72,99.918,99.857,100.309,100.687,100.245,99.294,,,,Jul,2.5,2.6,2.4,2.4,2.6,3,0.9,6.7,1.3,3
Aug,100.414,100.16,100.145,100.449,100.025,100.28,99.955,100.683,100.035,101.158,,,,Aug,2.2,2.7,1.9,2.1,2.5,3.3,0.6,6.7,-1.5,2.9
Sep,100.645,100.396,100.437,100.721,100.235,100.679,99.776,100.693,100.734,101.219,,,,Sep,1.9,2.8,1.6,1.8,2.6,3.4,0.8,6.5,-3.1,2.6
Oct,100.119,100.065,100.292,100.022,100.459,99.992,99.704,99.037,101.904,99.641,,,,Oct,1.2,2.1,0.8,0.9,2.7,2.3,0.3,2.5,-3.5,2.5
Nov,100.387,99.976,100.018,100.343,100.472,100.13,98.698,98.994,100.315,101.408,,,,Nov,1.6,1.9,1.3,1.5,2.3,2.2,-0.1,2.5,-1,2.3
Dec,100.661,100.439,100.365,100.674,100.551,100.832,99.286,98.956,99.842,101.479,,,,Dec,1.5,1.7,1.3,1.4,2.3,1.6,0.5,2.4,-0.9,2.1
2025 Jan,99.908,100.27,100.426,99.713,100.875,100.369,99.422,96.866,101.528,98.477,,,,2025 Jan,1.2,0.8,1,1.1,1.5,1,-0.6,-2.9,2.8,1.6
,,,,,,,,,,,,,,,,,,,,,,,,
,,,,,,,,,,,,,,,,,,,,,,,,
Table A.1,,,,,,,,,,,,,,Table A.2,,,,,,,,,,
Consumer Price Index of Key Categories,,,,,,,,,,,,,,YOY Inflation for Key CPI Categories,,,,,,,,,,
Index (2024=100),,,,,,,,,,,,,,,,,,,,,,,,
,All Items, MAS Core,CPI Less Accomodation,CPI Less Imputed Rentals for Housing,Food,Services,Retail & Other Goods,Electricity & Gas,Private Transport,Accommodation,,,,,All Items, MAS Core,CPI Less Accomodation,CPI Less Imputed Rentals for Housing,Food,Services,Retail & Other Goods,Electricity & Gas,Private Transport,Accommodation
Weights,"10,000","6,582","7,803","8,250","2,110","3,173","1,111",188,"1,221","2,197",,,,Weights,"10,000","6,582","7,803","8,250","2,110","3,173","1,111",188,"1,221","2,197"
2023 Jan,111.397,108.195,112.313,111.733,113.743,106.669,100.861,115.037,134.513,108.142,,,,2023 Jan,6.6,5.5,7.1,6.9,8.1,4.2,3.3,11.5,14.3,5
Feb,112.019,108.173,112.622,112.444,113.818,106.27,101.676,115.321,136.608,109.876,,,,Feb,6.3,5.5,6.7,6.5,8.1,3.9,3.8,12.1,12.1,4.9
Mar,112.583,108.441,113.233,113.035,114.243,106.424,101.858,116.237,139.066,110.274,,,,Mar,5.5,5,5.7,5.6,7.7,3.4,3.3,12.2,8.6,4.8
Apr,112.669,108.856,114.019,113.058,114.636,107.085,102.214,113.105,141.854,107.873,,,,Apr,5.7,5,6,5.9,7.1,4.3,2.9,2.7,10.4,4.9
May,113.034,108.957,113.615,113.422,115.061,107.072,101.918,113.89,138.723,110.971,,,,May,5.1,4.7,5.2,5.1,6.8,3.9,2.8,3.3,7.2,4.7
Jun,113.576,109.163,114.219,114.002,115.101,107.513,101.811,113.784,141.475,111.293,,,,Jun,4.5,4.2,4.5,4.5,5.9,3.6,2.7,3.1,5.8,4.5
Jul,113.309,109.383,114.202,113.562,115.293,107.744,101.976,114.494,140.174,110.139,,,,Jul,4.1,3.8,4,4,5.3,3.6,2.6,-1.6,4.8,4.6
Aug,114.303,109.465,114.845,114.685,115.479,107.829,101.874,114.415,143.849,112.378,,,,Aug,4,3.4,3.9,3.9,4.8,3.1,2,-1.4,6.3,4.4
Sep,114.88,109.602,115.495,115.312,115.649,108.146,101.423,114.664,147.267,112.694,,,,Sep,4.1,3,4.1,4.1,4.3,3.1,0.9,-1.4,8.5,4.3
Oct,115.111,110.033,116.226,115.521,115.855,108.61,101.832,117.147,149.612,111.151,,,,Oct,4.7,3.3,4.9,4.9,4.1,3.4,1.6,1.8,11.7,4.2
Nov,114.91,110.154,115.369,115.223,116.248,108.809,101.242,117.157,143.478,113.281,,,,Nov,3.6,3.2,3.4,3.4,4,3.5,1,1.5,4.2,4.1
Dec,115.343,110.866,115.844,115.684,116.34,110.241,101.191,117.168,142.681,113.562,,,,Dec,3.7,3.3,3.6,3.7,3.7,3.9,1.1,1.3,5,4.1
2024 Jan,114.572,111.531,115.728,114.686,117.532,110.226,102.236,121.122,138.351,110.467,,,,2024 Jan,2.9,3.1,3,2.6,3.3,3.3,1.4,5.3,2.9,2.1
,,,,,,,,,,,,,,,,,,,,,,,,
,,,,,,,,,,,,,,,,,,,,,,,,
Table A.1,,,,,,,,,,,,,,Table A.2,,,,,,,,,,
Consumer Price Index of Key Categories,,,,,,,,,,,,,,YOY Inflation for Key CPI Categories,,,,,,,,,,
Index (2019=100),,,,,,,,,,,,,,,,,,,,,,,,
,All Items, MAS Core,CPI Less Accomodation,CPI Less OOA,Food,Services,Retail & Other Goods,Electricity & Gas,Private Transport,Accommodation,,,,,All Items, MAS Core,CPI Less Accomodation,CPI Less OOA,Food,Services,Retail & Other Goods,Electricity & Gas,Private Transport,Accommodation
Weights,"10,000","6,582","7,803","8,250","2,110","3,173","1,111",188,"1,221","2,197",,,,Weights,"10,000","6,582","7,803","8,250","2,110","3,173","1,111",188,"1,221","2,197"
2022 Jan,104.472,102.516,104.897,104.515,105.197,102.384,97.678,103.199,117.734,102.963,,,,2022 Jan,4,2.4,4.3,4.1,2.6,2.4,?0.3,17.2,14,3.1
Feb,105.379,102.52,105.547,105.552,105.299,102.255,97.951,102.832,121.861,104.783,,,,Feb,4.3,2.2,4.6,4.5,2.3,2,0.2,16.7,17.2,3.3
Mar,106.691,103.24,107.117,107.048,106.057,102.973,98.588,103.615,128.017,105.178,,,,Mar,5.4,2.9,5.9,5.7,3.3,2.6,0.4,17.8,21.5,3.5
Apr,106.547,103.704,107.58,106.76,107.028,102.655,99.308,110.097,128.473,102.879,,,,Apr,5.4,3.3,5.8,5.7,4.1,2.5,1.6,19.7,18.3,3.9
May,107.598,104.087,108.039,107.943,107.685,103.052,99.164,110.273,129.347,106.03,,,,May,5.6,3.6,6.1,5.9,4.5,2.6,1.8,19.9,18.5,4
Jun,108.671,104.764,109.287,109.135,108.7,103.775,99.168,110.336,133.67,106.482,,,,Jun,6.7,4.4,7.4,7.1,5.4,3.4,3.1,20,21.9,4.2
Jul,108.836,105.37,109.819,109.205,109.535,104.033,99.414,116.394,133.799,105.345,,,,Jul,7,4.8,7.7,7.5,6.1,3.5,2.8,24,22.2,4.6
Aug,109.863,105.891,110.488,110.329,110.164,104.544,99.899,116.09,135.265,107.644,,,,Aug,7.5,5.1,8.2,8,6.4,3.8,2.9,23.9,24.1,4.7
Sep,110.339,106.387,110.976,110.804,110.889,104.872,100.495,116.254,135.717,108.075,,,,Sep,7.5,5.3,8.2,7.9,6.9,4,3.1,23.9,22.3,4.9
Oct,109.893,106.496,110.791,110.17,111.255,105.007,100.265,115.02,133.947,106.702,,,,Oct,6.7,5.1,7.2,7,7.1,3.9,2.6,19,17.3,4.9
Nov,110.959,106.719,111.575,111.393,111.759,105.128,100.221,115.38,137.755,108.77,,,,Nov,6.7,5.1,7.3,7,7.3,3.6,3.3,16.7,17.2,4.8
Dec,111.186,107.316,111.79,111.609,112.182,106.111,100.103,115.666,135.911,109.04,,,,Dec,6.5,5.1,6.9,6.7,7.5,3.7,2.8,16.5,15.5,4.7
2023 Jan,111.397,108.195,112.313,111.733,113.743,106.669,100.861,115.037,134.513,108.142,,,,2023 Jan,6.6,5.5,7.1,6.9,8.1,4.2,3.3,11.5,14.3,5
,,,,,,,,,,,,,,,,,,,,,,,,
,,,,,,,,,,,,,,,,,,,,,,,,
Table A.1,,,,,,,,,,,,,,,,,,,,,,,,
Consumer Price Index,,,,,,,,,,,,,,Table A.2,,,,,,,,,,
YOY % Growth Index (2014=100),,,,,,,,,,,,,,Selected Inflation Indicators,,,,,,,,,,
,All Items,Food,Clothing & Footwear,Housing & Utilities,Household Durables & Services,Health Care,Transport,Comms,Recreation & Culture,Education,Miscellaneous Goods & Services,"All-Items, S.A.",,YOY % GROWTH,,,,,,,,,,
Weights,10000,2167,273,2625,475,615,1579,385,788,615,478,10000,,,CPI,MAS Core Inflation,CPI Less Imputed Rental on OOA,Import Price Index,S&P Non-Energy GSCI Index,Brent Crude Spot Prices,,,,
2018 Jan,0,1.1,1,-3.6,1.2,2.3,0.7,0,0.8,2.8,0.5,99.9,,2018 Jan,0,1.4,1,-0.2,5.4,69.1,,,,
Feb,0.5,1.5,0.7,-2.1,0.8,2.5,0.6,-0.1,1.6,2.9,0.4,99.7,,Feb,0.5,1.7,1.5,-0.1,4.4,65.3,,,,
Mar,0.2,1.4,1.2,-2,0.7,2.1,-0.5,-0.3,0.6,3,1,99.6,,Mar,0.2,1.5,1.2,1.5,5.1,66,,,,
Apr,0.1,1.4,0.8,-2.3,0.7,2,-0.7,-1.3,0.7,2.9,0.5,99.9,,Apr,0.1,1.3,0.9,1.7,6.7,72.1,,,,
May,0.4,1.3,0.6,-2,0.8,2.3,0,-0.8,1.2,2.9,1.1,99.8,,May,0.4,1.5,1.2,6.6,6.9,77,,,,
Jun,0.6,1.5,1.5,-1.8,0.9,2.4,0.3,0.2,1.4,2.9,1.2,99.8,,Jun,0.6,1.7,1.5,9.1,5.6,74.4,,,,
Jul,0.6,1.5,2.3,-1,0.5,2,-0.3,0.2,1.7,2.4,0.9,100.2,,Jul,0.6,1.9,1.5,10,-2.8,74.3,,,,
Aug,0.7,1.7,2.8,-0.6,0.7,2,-0.2,-1.5,1.6,2.4,1.1,100.1,,Aug,0.7,1.9,1.6,9.2,-1.4,72.5,,,,
Sep,0.7,1.6,1.8,-0.5,0.8,2,-0.1,-1.6,1.2,2.9,1.1,100.1,,Sep,0.7,1.8,1.5,9.2,-3.4,78.9,,,,
Oct,0.7,1.4,1.2,-0.2,0.9,1.8,-0.5,-1.2,1,3.2,1.1,100.2,,Oct,0.7,1.9,1.5,9.7,-2.4,81,,,,
Nov,0.3,1.4,0.8,0,0.7,1.6,-2.8,-3,0.9,3.2,1.4,99.9,,Nov,0.3,1.7,0.9,3.6,-4.1,64.8,,,,
Dec,0.5,1.4,2.6,0.1,0.8,1.6,-2.6,-2.7,1.7,3.2,1.4,100,,Dec,0.5,1.9,1.1,-0.7,-2.2,57.4,,,,
2019 Jan,0.4,1.4,2.5,-0.5,0.7,1.7,-1.8,-2.9,0.9,3.2,1.4,100.1,,2019 Jan,0.4,1.7,0.9,N.A.,-5,59.4,,,,
,,,,,,,,,,,,,,,,,,,,,,,,
,,,,,,,,,,,,,,,,,,,,,,,,
Table A.1,,,,,,,,,,,,,,Table A.2,,,,,,,,,,
Consumer Price Index,,,,,,,,,,,,,,Selected Inflation Indicators,,,,,,,,,,
YOY % Growth Index,,,,,,,,,,,,,,YOY % GROWTH,,,,,,,,,,
(2009=100),,,,,,,,,,,,,,,CPI,MAS Core Inflation,CPI Less Imputed Rental on OOA,Import Price Index,S&P Non-Energy GSCI Index,Brent Crude Spot Prices,,,,
,All Items,Food,Clothing & Footwear,Housing,Transport,Comms,Education & Stationery,Health Care,Recreation & Others,"All Items, S.A.",,,,2012 Dec,4.3,1.9,3.8,-5.7,4.5,-0.8,,,,
Weights,10000,2205,341,2548,1553,475,735,586,1557,10000,,,,2013 Jan,3.6,1.2,2.9,-6,4.1,-2.1,,,,
2012 Dec,4.3,1.5,2.6,6.7,8.2,-1.3,3.5,4.6,1.5,115.2,,,,Feb,4.9,1.9,4.6,-4.3,1.7,-4,,,,
2013 Jan,3.6,1,1.3,4.4,8.5,-1.3,3.5,3.5,1.6,115.4,,,,Mar,3.5,1.7,3,-6.3,-2.2,-13.4,,,,
Feb,4.9,2.3,0.5,4.2,13.9,-1.2,3.5,3.3,3.1,116.2,,,,Apr,1.5,1.4,0.6,-7.1,-3.1,-14.6,,,,
Mar,3.5,1.8,1.4,4.1,6.9,-1.1,3.5,3.9,2.6,115.8,,,,May,1.6,1.7,0.8,-4.7,0.6,-6.9,,,,
Apr,1.5,1.8,-0.1,1.1,0.5,-1.3,2.9,3.4,2.4,114.8,,,,Jun,1.8,1.7,1.1,-0.9,2.3,7.5,,,,
May,1.6,2,1.1,3.3,-2.8,-1.4,2.9,4.2,2.8,114.5,,,,Jul,1.9,1.6,1.3,-0.6,-2.1,4.9,,,,
Jun,1.8,2,0.6,3,-1.6,-1.4,2.9,4.3,3,114.7,,,,Aug,2,1.8,1.6,-1.5,-1.7,-1.8,,,,
Jul,1.9,2.1,0,1.3,1.7,-1.6,2.9,4,2.7,115.5,,,,Sep,1.6,1.7,1.1,-2,-4.5,-1.8,,,,
Aug,2,2.4,-0.3,2.6,0.2,-1.7,3.3,3.9,3.1,116,,,,Oct,2,1.8,1.6,-1.4,-3.1,-1.5,,,,
Sep,1.6,2.4,-1.5,2.3,-1.5,-1.9,3.3,4,3.1,116.1,,,,Nov,2.6,2.1,2.4,0.3,-2.7,-1.8,,,,
Oct,2,2.5,-1,1.1,2.3,-1.5,3.5,3.7,2.6,116.8,,,,Dec,1.5,2,1.2,1.8,-3.2,1.2,,,,
Nov,2.6,2.6,2.1,2.3,2.9,-1.5,3.5,3.6,3.1,117.1,,,,2014 Jan,1.4,2.2,1.2,N.A.,-6.3,-4,,,,
Dec,1.5,2.7,-0.1,2,-2.1,-0.9,3.5,3.8,2.7,116.8,,,,,,,,,,,,,,
2014 Jan,1.4,3,-0.1,1.8,-2.7,-0.5,2.9,3.9,2.9,116.9,,,,,,,,,,,,,,
,,,,,,,,,,,,,,,,,,,,,,,,
,,,,,,,,,,,,,,,,,,,,,,,,
,,,,,,,,,,,,,,,,,,,,,,,,
,,,,,,,,,,,,,,,,,,,,,,,,
