UNSECURED CREDIT CARD,,,,,,,,,,,,,,,,,,,,,,,,,
Average Consumer Balances,,,,,,,,,Delinquency,,,,,,,,,Default#,,,,,,,
Age Group,,,,,,,,,Age Group,,,,,,,,,Age Group,,,,,,,
Month,21-29,30-34,35-39,40-44,45-49,50-54,>54,,Month,21-29,30-34,35-39,40-44,45-49,50-54,>54,,Month,21-29,30-34,35-39,40-44,45-49,50-54,>54
DEC'23,"$2,722","$4,460","$5,838","$6,862","$7,387","$7,251","$4,815",,DEC'23,1.970%,2.740%,3.520%,3.910%,3.870%,3.710%,2.760%,,DEC'23,0.110%,0.120%,0.107%,0.100%,0.084%,0.062%,0.053%
JAN'24,"$2,525","$4,159","$5,563","$6,712","$7,304","$7,379","$5,002",,JAN'24,1.870%,2.530%,3.320%,3.840%,3.880%,3.720%,2.800%,,JAN'24,0.115%,0.121%,0.125%,0.102%,0.084%,0.073%,0.064%
FEB'24,"$2,374","$3,928","$5,336","$6,460","$7,027","$7,153","$4,862",,FEB'24,1.870%,2.630%,3.390%,3.930%,4.040%,3.940%,2.940%,,FEB'24,0.101%,0.126%,0.121%,0.104%,0.082%,0.078%,0.058%
MAR'24,"$2,386","$3,932","$5,314","$6,436","$6,945","$7,052","$4,779",,MAR'24,1.840%,2.580%,3.320%,3.810%,3.880%,3.780%,2.800%,,MAR'24,0.125%,0.146%,0.124%,0.122%,0.093%,0.082%,0.059%
APR'24,"$2,489","$4,068","$5,438","$6,535","$7,072","$7,162","$4,864",,APR'24,1.830%,2.510%,3.190%,3.740%,3.730%,3.620%,2.690%,,APR'24,0.125%,0.135%,0.131%,0.105%,0.101%,0.068%,0.059%
MAY'24,"$2,463","$4,033","$5,417","$6,518","$7,045","$7,098","$4,825",,MAY'24,1.840%,2.490%,3.180%,3.630%,3.590%,3.390%,2.450%,,MAY'24,0.138%,0.151%,0.138%,0.141%,0.178%,0.235%,0.232%
JUN'24,"$2,574","$4,204","$5,626","$6,679","$6,855","$6,499","$4,039",,JUN'24,1.880%,2.550%,3.250%,3.740%,3.750%,3.470%,2.530%,,JUN'24,0.132%,0.148%,0.136%,0.117%,0.091%,0.076%,0.057%
JUL'24,"$2,556","$4,158","$5,559","$6,557","$6,741","$6,386","$3,978",,JUL'24,1.920%,2.530%,3.230%,3.680%,3.520%,3.270%,2.330%,,JUL'24,0.126%,0.159%,0.191%,0.233%,0.281%,0.294%,0.273%
AUG'24,"$2,611","$4,193","$5,563","$6,497","$6,599","$6,259","$3,846",,AUG'24,1.920%,2.540%,3.250%,3.670%,3.550%,3.290%,2.330%,,AUG'24,0.137%,0.134%,0.125%,0.123%,0.099%,0.071%,0.053%
SEP'24,"$2,618","$4,250","$5,636","$6,572","$6,669","$6,268","$3,871",,SEP'24,1.840%,2.500%,3.230%,3.670%,3.510%,3.270%,2.290%,,SEP'24,0.131%,0.125%,0.120%,0.125%,0.104%,0.066%,0.062%
OCT'24,"$2,647","$4,312","$5,697","$6,621","$6,705","$6,295","$3,844",,OCT'24,1.870%,2.550%,3.300%,3.680%,3.550%,3.260%,2.310%,,OCT'24,0.117%,0.134%,0.125%,0.118%,0.092%,0.081%,0.055%
NOV'24,"$2,751","$4,502","$5,948","$6,923","$7,010","$6,539","$3,998",,NOV'24,2.110%,2.640%,3.420%,3.790%,3.660%,3.370%,2.400%,,NOV'24,0.125%,0.139%,0.140%,0.125%,0.097%,0.072%,0.057%
DEC'24,"$2,754","$4,529","$6,037","$7,061","$7,177","$6,678","$4,008",,DEC'24,1.950%,2.660%,3.470%,3.900%,3.810%,3.500%,2.690%,,DEC'24,0.114%,0.148%,0.137%,0.126%,0.093%,0.083%,0.059%
AVG,"$2,575","$4,210","$5,613","$6,649","$6,964","$6,771","$4,364",,AVG,1.900%,2.570%,3.310%,3.770%,3.720%,3.510%,2.560%,,AVG,0.123%,0.137%,0.132%,0.126%,0.114%,0.103%,0.088%
,,,,,,,,,,,,,,,,,,,,,,,,,
,,,,,,,,,,,,,,,,,,,,,,,,,
SECURED CREDIT CARD,,,,,,,,,,,,,,,,,,,,,,,,,
Average Consumer Balances,,,,,,,,,Delinquency,,,,,,,,,Default#,,,,,,,
Age Group,,,,,,,,,Age Group,,,,,,,,,Age Group,,,,,,,
Month,21-29,30-34,35-39,40-44,45-49,50-54,>54,,Month,21-29,30-34,35-39,40-44,45-49,50-54,>54,,Month,21-29,30-34,35-39,40-44,45-49,50-54,>54
DEC'23,"$2,609","$4,481","$5,753","$4,301","$3,343","$2,729","$1,995",,DEC'23,2.120%,2.390%,2.530%,1.540%,1.270%,1.220%,0.600%,,DEC'23,,0.076%,,,,,
JAN'24,"$2,308","$4,344","$5,272","$4,741","$3,542","$2,780","$2,015",,JAN'24,1.030%,2.120%,2.720%,1.490%,1.610%,0.970%,0.600%,,JAN'24,,0.081%,,,,,
FEB'24,"$2,295","$4,249","$5,088","$4,588","$3,133","$2,827","$1,996",,FEB'24,1.020%,1.700%,2.620%,1.820%,1.130%,0.690%,0.520%,,FEB'24,,,,,,,0.004%
MAR'24,"$2,442","$3,729","$5,151","$4,609","$3,231","$2,602","$1,855",,MAR'24,1.200%,1.210%,2.090%,1.350%,1.260%,1.060%,0.650%,,MAR'24,,0.080%,,0.046%,,,0.004%
APR'24,"$2,709","$4,023","$5,541","$4,352","$3,295","$2,666","$1,955",,APR'24,1.070%,1.290%,2.130%,1.390%,1.100%,0.630%,0.520%,,APR'24,0.097%,,0.172%,,,,0.004%
MAY'24,"$2,057","$4,039","$4,448","$4,126","$3,164","$2,598","$1,954",,MAY'24,0.860%,1.440%,1.570%,1.060%,0.980%,0.750%,0.510%,,MAY'24,,,0.058%,,,,0.018%
JUN'24,"$2,200","$3,923","$4,544","$4,220","$3,317","$2,738","$1,892",,JUN'24,0.930%,1.350%,1.620%,0.920%,1.130%,0.800%,0.530%,,JUN'24,,0.079%,0.057%,,,,
JUL'24,"$2,292","$3,952","$4,787","$4,037","$3,475","$2,751","$1,837",,JUL'24,0.730%,1.720%,1.610%,1.140%,1.010%,0.600%,0.460%,,JUL'24,,0.078%,,,,0.057%,0.004%
AUG'24,"$2,361","$3,997","$4,602","$4,075","$3,431","$2,586","$1,843",,AUG'24,1.630%,1.080%,1.720%,1.180%,1.040%,0.600%,0.500%,,AUG'24,,,,,,0.028%,0.004%
SEP'24,"$2,114","$3,465","$4,224","$3,897","$3,276","$2,609","$1,846",,SEP'24,1.250%,1.610%,1.650%,1.180%,1.040%,0.690%,0.560%,,SEP'24,,,,,,,
OCT'24,"$2,178","$3,715","$4,437","$3,903","$3,243","$2,719","$1,862",,OCT'24,0.790%,1.300%,1.300%,1.500%,0.890%,0.570%,0.570%,,OCT'24,,,,0.045%,,,0.004%
NOV'24,"$2,442","$3,862","$4,883","$4,162","$3,307","$2,738","$1,888",,NOV'24,1.110%,1.380%,1.410%,1.260%,1.200%,0.830%,0.530%,,NOV'24,,,,,,,
DEC'24,"$2,071","$3,940","$4,390","$4,337","$3,264","$2,640","$1,897",,DEC'24,0.930%,1.070%,1.010%,1.040%,1.040%,0.660%,0.520%,,DEC'24,,,,,,,0.004%
AVG,"$2,314","$3,978","$4,855","$4,258","$3,309","$2,691","$1,910",,AVG,1.130%,1.510%,1.840%,1.300%,1.130%,0.770%,0.540%,,AVG,0.097%,0.079%,0.096%,0.046%,,0.043%,0.006%
,,,,,,,,,,,,,,,,,,,,,,,,,
,,,,,,,,,,,,,,,,,,,,,,,,,
UNSECURED PERSONAL LOAN,,,,,,,,,,,,,,,,,,,,,,,,,
Average Consumer Balances,,,,,,,,,Delinquency,,,,,,,,,Default,,,,,,,
Age Group,,,,,,,,,Age Group,,,,,,,,,Age Group,,,,,,,
Month,21-29,30-34,35-39,40-44,45-49,50-54,>54,,Month,21-29,30-34,35-39,40-44,45-49,50-54,>54,,Month,21-29,30-34,35-39,40-44,45-49,50-54,>54
DEC'23,"$5,498","$5,988","$6,778","$7,673","$9,275","$10,418","$7,197",,DEC'23,6.750%,4.170%,2.530%,3.060%,4.070%,4.500%,5.770%,,DEC'23,0.445%,0.423%,0.151%,0.095%,0.304%,0.100%,0.585%
JAN'24,"$5,408","$6,211","$6,413","$7,782","$8,999","$10,176","$7,553",,JAN'24,8.840%,4.700%,2.870%,2.810%,3.850%,4.810%,5.620%,,JAN'24,0.215%,0.127%,0.163%,0.188%,0.348%,0.332%,
FEB'24,"$5,586","$6,364","$6,536","$7,853","$8,844","$10,131","$7,643",,FEB'24,10.780%,5.280%,2.910%,3.110%,3.820%,4.800%,5.710%,,FEB'24,0.535%,0.419%,0.250%,0.116%,0.351%,0.221%,0.180%
MAR'24,"$5,887","$6,813","$7,000","$8,193","$9,235","$10,193","$7,616",,MAR'24,10.080%,5.260%,2.880%,3.240%,3.740%,4.490%,5.590%,,MAR'24,0.486%,0.363%,0.290%,0.090%,0.212%,0.155%,0.076%
APR'24,"$6,161","$7,149","$7,325","$8,758","$9,361","$10,501","$7,648",,APR'24,10.410%,5.080%,2.950%,3.200%,3.980%,4.440%,5.690%,,APR'24,0.323%,0.282%,0.094%,0.177%,0.104%,0.185%,0.252%
MAY'24,"$6,408","$7,432","$7,697","$8,984","$9,476","$10,180","$7,316",,MAY'24,10.970%,5.200%,3.020%,3.170%,3.940%,5.020%,5.970%,,MAY'24,0.355%,0.209%,0.159%,0.217%,0.205%,0.030%,0.177%
JUN'24,"$6,474","$7,682","$8,088","$9,171","$9,622","$10,373","$7,331",,JUN'24,10.660%,5.400%,3.680%,3.340%,3.900%,5.080%,6.290%,,JUN'24,0.222%,0.143%,0.111%,0.064%,0.102%,0.122%,0.127%
JUL'24,"$6,601","$7,895","$8,539","$9,516","$9,985","$10,445","$7,280",,JUL'24,10.590%,5.730%,3.410%,3.480%,4.040%,5.200%,6.480%,,JUL'24,0.203%,0.328%,0.171%,0.145%,0.101%,0.120%,0.153%
AUG'24,"$6,970","$8,116","$8,771","$9,947","$10,233","$10,741","$7,202",,AUG'24,10.550%,6.080%,3.580%,3.400%,4.130%,5.290%,6.690%,,AUG'24,0.240%,0.289%,0.188%,0.123%,0.223%,,0.127%
SEP'24,"$6,976","$8,244","$8,987","$10,131","$10,346","$10,696","$7,202",,SEP'24,10.550%,6.500%,3.590%,3.620%,4.250%,5.360%,7.010%,,SEP'24,0.181%,0.257%,0.102%,0.121%,0.074%,0.119%,0.205%
OCT'24,"$6,941","$8,319","$9,168","$10,437","$10,627","$10,752","$7,252",,OCT'24,10.520%,6.800%,3.970%,3.590%,4.670%,5.520%,7.140%,,OCT'24,0.249%,0.147%,0.158%,0.079%,0.048%,0.147%,0.178%
NOV'24,"$6,895","$8,470","$9,460","$10,617","$10,973","$10,841","$7,363",,NOV'24,10.780%,6.890%,4.180%,4.090%,4.700%,5.470%,7.530%,,NOV'24,0.232%,0.213%,0.174%,0.097%,0.071%,0.146%,0.152%
DEC'24,"$6,866","$8,421","$9,533","$10,670","$11,092","$10,895","$7,585",,DEC'24,10.430%,7.220%,4.250%,4.150%,4.620%,5.760%,7.720%,,DEC'24,0.109%,0.115%,0.151%,0.153%,0.047%,0.173%,0.178%
AVG,"$6,359","$7,470","$8,023","$9,210","$9,851","$10,488","$7,399",,AVG,10.150%,5.720%,3.370%,3.400%,4.130%,5.060%,6.400%,,AVG,0.298%,0.262%,0.164%,0.126%,0.156%,0.156%,0.209%
,,,,,,,,,,,,,,,,,,,,,,,,,
,,,,,,,,,,,,,,,,,,,,,,,,,
SECURED PERSONAL LOAN,,,,,,,,,,,,,,,,,,,,,,,,,
Average Consumer Balances,,,,,,,,,Delinquency,,,,,,,,,Default,,,,,,,
Age Group,,,,,,,,,Age Group,,,,,,,,,Age Group,,,,,,,
Month,21-29,30-34,35-39,40-44,45-49,50-54,>54,,Month,21-29,30-34,35-39,40-44,45-49,50-54,>54,,Month,21-29,30-34,35-39,40-44,45-49,50-54,>54
DEC'23,"$358,701","$306,114","$317,022","$321,878","$388,893","$447,885","$487,112",,DEC'23,,0.230%,0.130%,0.180%,0.070%,0.160%,0.140%,,DEC'23,,,,,,,
JAN'24,"$410,833","$302,641","$314,462","$321,643","$382,794","$430,172","$485,109",,JAN'24,,0.550%,0.410%,0.240%,0.230%,0.160%,0.130%,,JAN'24,,,,,,,
FEB'24,"$395,011","$303,264","$313,022","$322,339","$381,319","$430,809","$481,734",,FEB'24,,0.680%,0.200%,0.140%,0.080%,0.130%,0.070%,,FEB'24,,,,,,,
MAR'24,"$394,977","$300,923","$317,422","$323,789","$375,110","$429,114","$479,303",,MAR'24,,1.220%,0.270%,0.280%,0.080%,0.290%,0.230%,,MAR'24,,,,,,,
APR'24,"$404,964","$302,888","$324,615","$324,622","$375,745","$429,857","$481,578",,APR'24,,0.800%,0.270%,0.190%,0.200%,0.320%,0.100%,,APR'24,,,,,,,
MAY'24,"$417,744","$299,235","$330,621","$325,788","$379,788","$433,332","$482,665",,MAY'24,0.410%,1.060%,0.200%,0.090%,0.120%,0.390%,0.370%,,MAY'24,,,,,,,0.012%
JUN'24,"$418,984","$302,542","$333,837","$331,221","$381,868","$436,212","$486,138",,JUN'24,,0.660%,0.270%,0.050%,0.150%,0.190%,0.070%,,JUN'24,,,,,,,
JUL'24,"$414,555","$307,074","$335,589","$337,495","$386,168","$438,629","$485,170",,JUL'24,,0.400%,0.200%,0.050%,0.040%,0.060%,0.080%,,JUL'24,,,,,,,
AUG'24,"$417,515","$306,111","$336,709","$339,981","$390,520","$440,585","$487,435",,AUG'24,,0.400%,0.330%,0.090%,0.190%,0.130%,0.130%,,AUG'24,,,,,,,
SEP'24,"$417,953","$307,281","$345,362","$338,034","$391,005","$439,153","$486,559",,SEP'24,,0.400%,0.130%,,0.310%,,0.110%,,SEP'24,,,,,,,
OCT'24,"$415,158","$310,368","$344,251","$343,863","$395,177","$445,776","$485,589",,OCT'24,,0.270%,0.130%,0.090%,0.350%,0.190%,0.110%,,OCT'24,,,,,,,
NOV'24,"$417,850","$311,828","$346,712","$346,346","$395,185","$449,781","$489,478",,NOV'24,,0.400%,0.200%,0.280%,0.230%,0.190%,0.160%,,NOV'24,,,,,,,
DEC'24,"$428,333","$313,004","$342,927","$346,619","$396,645","$450,212","$490,457",,DEC'24,,0.530%,0.260%,0.190%,0.240%,0.130%,0.250%,,DEC'24,,,,,,,
AVG,"$408,660","$305,637","$330,965","$332,586","$386,171","$438,578","$485,256",,AVG,0.410%,0.580%,0.230%,0.160%,0.180%,0.190%,0.150%,,AVG,,,,,,,0.012%
,,,,,,,,,,,,,,,,,,,,,,,,,
,,,,,,,,,,,,,,,,,,,,,,,,,
REAL ESTATE LOAN,,,,,,,,,,,,,,,,,,,,,,,,,
Average Consumer Balances,,,,,,,,,Delinquency,,,,,,,,,Default,,,,,,,
Age Group,,,,,,,,,Age Group,,,,,,,,,Age Group,,,,,,,
Month,21-29,30-34,35-39,40-44,45-49,50-54,>54,,Month,21-29,30-34,35-39,40-44,45-49,50-54,>54,,Month,21-29,30-34,35-39,40-44,45-49,50-54,>54
DEC'23,"$444,883","$390,595","$418,042","$423,909","$398,960","$371,856","$287,874",,DEC'23,0.190%,0.150%,0.200%,0.360%,0.500%,0.690%,1.020%,,DEC'23,,,,,,,0.000%
JAN'24,"$473,595","$393,353","$414,231","$429,309","$405,415","$378,293","$294,878",,JAN'24,0.270%,0.140%,0.180%,0.310%,0.430%,0.620%,0.930%,,JAN'24,,,,,0.001%,,
FEB'24,"$472,943","$394,910","$415,444","$430,414","$404,618","$378,067","$294,330",,FEB'24,0.230%,0.120%,0.190%,0.330%,0.450%,0.640%,1.000%,,FEB'24,,0.002%,,,,,0.000%
MAR'24,"$470,138","$394,468","$417,126","$430,835","$404,537","$377,151","$293,390",,MAR'24,0.160%,0.130%,0.190%,0.320%,0.440%,0.640%,0.980%,,MAR'24,,,0.001%,,0.001%,,0.000%
APR'24,"$466,807","$394,836","$417,840","$430,918","$404,407","$376,256","$292,836",,APR'24,0.220%,0.120%,0.170%,0.320%,0.470%,0.660%,1.010%,,APR'24,,,,,0.000%,,
MAY'24,"$467,923","$397,343","$420,216","$431,470","$404,476","$375,441","$290,836",,MAY'24,0.200%,0.120%,0.180%,0.300%,0.460%,0.640%,1.020%,,MAY'24,,,,,0.001%,0.001%,
JUN'24,"$476,969","$402,451","$422,529","$433,815","$405,840","$376,098","$291,598",,JUN'24,0.140%,0.110%,0.200%,0.310%,0.480%,0.700%,1.090%,,JUN'24,,,,0.001%,0.000%,0.002%,0.000%
JUL'24,"$481,532","$407,771","$427,156","$436,450","$406,792","$375,978","$291,487",,JUL'24,0.120%,0.100%,0.170%,0.300%,0.440%,0.650%,1.000%,,JUL'24,,,,0.000%,0.000%,,
AUG'24,"$487,798","$413,108","$431,931","$440,407","$408,677","$377,556","$291,622",,AUG'24,0.140%,0.100%,0.180%,0.290%,0.450%,0.630%,1.010%,,AUG'24,,,,0.002%,0.000%,,
SEP'24,"$491,109","$416,403","$435,362","$443,027","$410,219","$377,673","$292,207",,SEP'24,0.180%,0.110%,0.170%,0.300%,0.420%,0.610%,1.000%,,SEP'24,,,,,,,
OCT'24,"$493,687","$419,538","$438,549","$444,806","$411,282","$378,225","$292,462",,OCT'24,0.150%,0.110%,0.170%,0.300%,0.440%,0.630%,1.030%,,OCT'24,,0.002%,0.001%,0.000%,0.000%,0.001%,0.000%
NOV'24,"$493,622","$422,476","$441,070","$446,918","$411,979","$377,587","$292,518",,NOV'24,0.180%,0.090%,0.180%,0.330%,0.460%,0.640%,1.060%,,NOV'24,,,,,0.000%,0.001%,
DEC'24,"$489,985","$423,894","$443,311","$447,712","$412,292","$377,154","$292,039",,DEC'24,0.160%,0.110%,0.180%,0.320%,0.460%,0.640%,1.040%,,DEC'24,,,,0.000%,,,0.005%
AVG,"$477,769","$405,473","$426,370","$436,153","$406,884","$376,718","$292,160",,AVG,0.180%,0.120%,0.180%,0.310%,0.450%,0.650%,1.010%,,AVG,,0.002%,0.001%,0.001%,0.000%,0.001%,0.001%
,,,,,,,,,,,,,,,,,,,,,,,,,
,,,,,,,,,,,,,,,,,,,,,,,,,
MOTOR VEHICLE LOAN,,,,,,,,,,,,,,,,,,,,,,,,,
Average Consumer Balances,,,,,,,,,Delinquency,,,,,,,,,Default,,,,,,,
Age Group,,,,,,,,,Age Group,,,,,,,,,Age Group,,,,,,,
Month,21-29,30-34,35-39,40-44,45-49,50-54,>54,,Month,21-29,30-34,35-39,40-44,45-49,50-54,>54,,Month,21-29,30-34,35-39,40-44,45-49,50-54,>54
DEC'23,"$47,586","$47,300","$46,975","$45,615","$46,178","$45,316","$40,687",,DEC'23,0.440%,0.240%,0.120%,0.190%,0.200%,0.220%,0.210%,,DEC'23,,,,,,,
JAN'24,"$47,706","$47,202","$47,376","$46,185","$46,304","$45,656","$41,317",,JAN'24,0.340%,0.240%,0.160%,0.130%,0.170%,0.140%,0.190%,,JAN'24,0.028%,0.006%,,,,,
FEB'24,"$47,776","$47,689","$47,725","$46,469","$46,663","$46,162","$41,663",,FEB'24,0.470%,0.220%,0.180%,0.190%,0.240%,0.170%,0.210%,,FEB'24,0.027%,,0.003%,0.002%,0.002%,,
MAR'24,"$48,017","$48,013","$47,928","$47,029","$47,122","$46,507","$41,995",,MAR'24,0.210%,0.220%,0.140%,0.140%,0.200%,0.150%,0.200%,,MAR'24,,,0.003%,,0.002%,0.003%,0.001%
APR'24,"$48,586","$48,637","$48,456","$47,801","$47,710","$47,125","$42,537",,APR'24,0.380%,0.200%,0.180%,0.150%,0.170%,0.130%,0.170%,,APR'24,,,,,,0.003%,0.001%
MAY'24,"$49,322","$49,165","$49,229","$48,467","$48,491","$47,863","$43,200",,MAY'24,0.370%,0.250%,0.180%,0.150%,0.220%,0.150%,0.170%,,MAY'24,,,,,,,
JUN'24,"$49,195","$49,583","$49,745","$49,212","$49,492","$48,726","$43,726",,JUN'24,0.280%,0.240%,0.190%,0.180%,0.220%,0.180%,0.200%,,JUN'24,,,,,,,
JUL'24,"$49,216","$49,997","$50,194","$49,869","$50,404","$49,380","$44,547",,JUL'24,0.340%,0.240%,0.160%,0.130%,0.170%,0.130%,0.160%,,JUL'24,,,,,,0.003%,
AUG'24,"$48,872","$50,364","$50,667","$50,445","$51,187","$50,225","$45,110",,AUG'24,0.420%,0.280%,0.190%,0.160%,0.190%,0.160%,0.170%,,AUG'24,,,,,,,
SEP'24,"$48,802","$50,667","$51,084","$51,204","$51,981","$50,937","$45,924",,SEP'24,0.360%,0.280%,0.160%,0.140%,0.180%,0.160%,0.180%,,SEP'24,0.042%,0.016%,0.003%,0.002%,,0.003%,
OCT'24,"$48,763","$50,687","$51,441","$51,723","$52,483","$51,557","$46,466",,OCT'24,0.410%,0.240%,0.170%,0.180%,0.170%,0.140%,0.180%,,OCT'24,0.040%,,,,,,
NOV'24,"$48,351","$50,646","$51,785","$52,102","$53,051","$52,218","$47,052",,NOV'24,0.340%,0.250%,0.190%,0.190%,0.200%,0.150%,0.190%,,NOV'24,,,,0.002%,0.003%,,0.001%
DEC'24,"$48,521","$50,955","$52,218","$52,633","$53,682","$52,825","$47,630",,DEC'24,0.250%,0.250%,0.120%,0.140%,0.190%,0.130%,0.190%,,DEC'24,,,,,,,0.001%
AVG,"$48,516","$49,301","$49,602","$49,135","$49,596","$48,807","$43,989",,AVG,0.350%,0.240%,0.160%,0.160%,0.190%,0.150%,0.190%,,AVG,0.034%,0.011%,0.003%,0.002%,0.002%,0.003%,0.001%
,,,,,,,,,,,,,,,,,,,,,,,,,
,,,,,,,,,,,,,,,,,,,,,,,,,
UNSECURED OVERDRAFT ,,,,,,,,,,,,,,,,,,,,,,,,,
Average Consumer Balances,,,,,,,,,Delinquency,,,,,,,,,Default#,,,,,,,
Age Group,,,,,,,,,Age Group,,,,,,,,,Age Group,,,,,,,
Month,21-29,30-34,35-39,40-44,45-49,50-54,>54,,Month,21-29,30-34,35-39,40-44,45-49,50-54,>54,,Month,21-29,30-34,35-39,40-44,45-49,50-54,>54
DEC'23,"$2,072","$2,498","$2,942","$3,590","$4,101","$4,422","$3,637",,DEC'23,5.550%,4.350%,3.510%,3.290%,3.380%,3.470%,3.270%,,DEC'23,0.506%,0.316%,0.159%,0.124%,0.092%,0.074%,0.060%
JAN'24,"$2,016","$2,486","$2,878","$3,489","$4,052","$4,475","$3,716",,JAN'24,5.550%,4.430%,3.630%,3.500%,3.460%,3.640%,3.390%,,JAN'24,0.471%,0.330%,0.215%,0.103%,0.107%,0.103%,0.064%
FEB'24,"$2,078","$2,613","$2,981","$3,606","$4,320","$4,722","$3,778",,FEB'24,5.570%,4.370%,3.680%,3.750%,3.630%,3.710%,3.440%,,FEB'24,0.536%,0.320%,0.193%,0.127%,0.088%,0.089%,0.072%
MAR'24,"$2,117","$2,616","$2,989","$3,588","$4,114","$4,546","$3,768",,MAR'24,5.900%,4.290%,3.670%,3.840%,3.720%,3.590%,3.270%,,MAR'24,0.507%,0.402%,0.187%,0.123%,0.091%,0.091%,0.081%
APR'24,"$2,157","$2,654","$2,997","$3,603","$4,095","$4,505","$3,737",,APR'24,5.830%,4.290%,3.560%,3.530%,3.470%,3.420%,3.260%,,APR'24,0.601%,0.331%,0.220%,0.156%,0.122%,0.114%,0.088%
MAY'24,"$2,209","$2,712","$3,052","$3,660","$4,123","$4,535","$3,751",,MAY'24,6.060%,4.310%,3.590%,3.300%,3.170%,3.020%,2.880%,,MAY'24,0.633%,0.398%,0.212%,0.146%,0.158%,0.206%,0.268%
JUN'24,"$2,260","$2,796","$3,160","$3,778","$4,223","$4,543","$3,683",,JUN'24,6.230%,4.410%,3.560%,3.280%,3.200%,3.120%,2.880%,,JUN'24,0.609%,0.337%,0.202%,0.138%,0.109%,0.124%,0.084%
JUL'24,"$2,270","$2,879","$3,250","$3,818","$4,280","$4,575","$3,705",,JUL'24,6.210%,4.250%,3.440%,3.070%,2.980%,2.800%,2.450%,,JUL'24,0.585%,0.396%,0.336%,0.386%,0.404%,0.390%,0.482%
AUG'24,"$2,325","$2,964","$3,258","$3,795","$4,267","$4,497","$3,502",,AUG'24,5.990%,4.370%,3.500%,3.100%,2.980%,2.920%,2.530%,,AUG'24,0.735%,0.368%,0.274%,0.208%,0.204%,0.151%,0.150%
SEP'24,"$2,363","$3,027","$3,333","$3,851","$4,268","$4,514","$3,441",,SEP'24,5.880%,4.530%,3.510%,3.110%,3.150%,2.940%,2.540%,,SEP'24,0.613%,0.358%,0.221%,0.176%,0.111%,0.087%,0.092%
OCT'24,"$2,425","$3,093","$3,429","$3,941","$4,350","$4,581","$3,453",,OCT'24,6.190%,4.610%,3.610%,3.190%,3.050%,2.880%,2.510%,,OCT'24,0.513%,0.351%,0.263%,0.157%,0.116%,0.086%,0.090%
NOV'24,"$2,455","$3,174","$3,532","$4,078","$4,449","$4,689","$3,508",,NOV'24,6.430%,4.790%,3.790%,3.400%,3.210%,3.000%,2.600%,,NOV'24,0.572%,0.390%,0.213%,0.169%,0.129%,0.098%,0.078%
DEC'24,"$2,462","$3,223","$3,573","$4,160","$4,512","$4,753","$3,527",,DEC'24,6.180%,4.530%,3.660%,3.120%,2.940%,2.850%,2.540%,,DEC'24,0.551%,0.379%,0.278%,0.158%,0.114%,0.125%,0.087%
AVG,"$2,247","$2,826","$3,183","$3,766","$4,243","$4,566","$3,631",,AVG,5.970%,4.430%,3.590%,3.340%,3.260%,3.180%,2.890%,,AVG,0.572%,0.360%,0.229%,0.167%,0.142%,0.134%,0.130%
,,,,,,,,,,,,,,,,,,,,,,,,,
,,,,,,,,,,,,,,,,,,,,,,,,,
SECURED OVERDRAFT,,,,,,,,,,,,,,,,,,,,,,,,,
Average Consumer Balances,,,,,,,,,Delinquency,,,,,,,,,Default,,,,,,,
Age Group,,,,,,,,,Age Group,,,,,,,,,Age Group,,,,,,,
Month,21-29,30-34,35-39,40-44,45-49,50-54,>54,,Month,21-29,30-34,35-39,40-44,45-49,50-54,>54,,Month,21-29,30-34,35-39,40-44,45-49,50-54,>54
DEC'23,"$242,826","$248,233","$266,849","$251,212","$266,073","$252,055","$163,747",,DEC'23,4.410%,3.960%,3.400%,2.620%,2.390%,2.540%,1.450%,,DEC'23,,,,,,,
JAN'24,"$197,079","$272,385","$276,286","$258,806","$260,666","$270,561","$165,704",,JAN'24,2.740%,3.560%,3.170%,1.730%,2.490%,2.410%,1.410%,,JAN'24,,,,,,,
FEB'24,"$199,808","$267,918","$270,795","$253,899","$259,326","$268,818","$164,569",,FEB'24,2.780%,3.060%,2.270%,1.370%,1.920%,2.050%,1.170%,,FEB'24,,,,,,,
MAR'24,"$202,161","$259,498","$260,153","$246,273","$245,982","$255,693","$160,245",,MAR'24,4.900%,4.470%,2.690%,1.770%,1.990%,2.330%,1.270%,,MAR'24,,,,,,,
APR'24,"$202,937","$265,835","$261,371","$239,856","$244,468","$255,512","$159,651",,APR'24,5.000%,3.430%,3.010%,1.880%,2.080%,2.240%,1.280%,,APR'24,,,,,,,
MAY'24,"$204,160","$267,778","$256,371","$237,176","$245,787","$254,977","$157,077",,MAY'24,5.110%,4.900%,3.230%,2.380%,1.890%,2.050%,1.370%,,MAY'24,,,,,0.059%,,
JUN'24,"$201,148","$264,847","$252,033","$238,448","$243,701","$258,429","$156,100",,JUN'24,5.110%,4.350%,3.390%,1.920%,1.610%,1.580%,1.070%,,JUN'24,,,,,,0.045%,
JUL'24,"$200,052","$254,041","$246,468","$237,738","$241,028","$251,010","$153,541",,JUL'24,4.380%,5.520%,2.860%,1.860%,2.300%,1.920%,1.260%,,JUL'24,,,,,,,
AUG'24,"$207,523","$260,879","$248,968","$237,351","$239,671","$254,160","$152,279",,AUG'24,3.010%,5.070%,2.460%,1.820%,2.230%,2.100%,1.160%,,AUG'24,,,,,,,
SEP'24,"$202,037","$249,019","$242,806","$235,867","$244,988","$252,433","$154,335",,SEP'24,3.010%,5.500%,1.900%,2.110%,2.290%,2.100%,1.240%,,SEP'24,,,,,,,
OCT'24,"$202,343","$252,432","$250,455","$241,092","$251,381","$251,998","$154,464",,OCT'24,5.260%,5.250%,2.360%,2.460%,2.300%,2.350%,1.190%,,OCT'24,,,,,,,
NOV'24,"$297,192","$383,612","$391,687","$393,061","$395,919","$399,636","$277,900",,NOV'24,2.700%,2.760%,1.790%,1.420%,1.320%,1.350%,0.890%,,NOV'24,,,,,,,
DEC'24,"$298,314","$380,618","$400,804","$413,379","$396,807","$406,328","$279,635",,DEC'24,1.910%,2.270%,1.540%,0.920%,1.110%,1.130%,0.860%,,DEC'24,,,,,,,
AVG,"$219,814","$279,007","$278,850","$268,012","$271,984","$279,355","$176,865",,AVG,3.870%,4.160%,2.620%,1.870%,1.990%,2.010%,1.200%,,AVG,,,,,0.059%,0.045%,
